year,month,logcpi,logip,ff,gs1,gs2,ebp,mortg_spread_m,cp3m_spread_m
1979,7,429.0459,394.3341,10.47,9.64,9.14,-.223953,2.14,.5150003
1979,8,430.0003,393.6755,10.94,9.98,9.46,-.317488,2.06,.7849998
1979,9,430.9456,393.8156,11.43,10.84,10.06,-.089456,1.97,1.255
1979,10,432.0151,394.3526,13.77,12.44,11.49,-.912158,1.34,1.415
1979,11,433.0733,394.2521,13.18,12.39,11.81,-.166222,2.18,1.665
1979,12,434.2506,394.3225,13.78,11.98,11.39,.127869,2.509999,1.085
1980,1,435.6709,394.7512,13.82,12.06,11.5,-.102562,2.08,.9250001
1980,2,436.9448,394.8297,14.13,13.92,13.42,-.584882,.6300001,.8050002
1980,3,438.3276,394.5222,17.19,15.82,14.88,.256076,2.53,1.495
1980,4,439.3214,392.4821,17.61,13.3,12.5,-.731175,4.86,2.465
1980,5,440.3054,389.9928,10.98,9.39,9.45,.024596,4.08,.795
1980,6,441.2798,388.7642,9.47,8.16,8.73,-.089556,2.93,1.085001
1980,7,441.401,388.1019,9.03,8.65,9.03,.09304,1.94,.2349996
1980,8,442.1247,388.3893,9.61,10.24,10.53,-.041169,1.46,.3249997
1980,9,442.9626,389.9868,10.87,11.52,11.57,-.073297,1.69,.585
1980,10,443.9116,391.2341,12.81,12.49,12.09,-.297335,2.04,.7850007
1980,11,444.9685,392.9452,15.85,14.15,13.51,.26447,1.53,1.335001
1980,12,445.8988,393.5349,18.9,14.88,14.08,-.103086,1.95,2.465
1981,1,446.8204,392.9798,19.08,14.08,13.26,.324857,2.33,1.445
1981,2,447.7337,392.5141,15.93,14.57,13.92,.103979,1.940001,.585
1981,3,448.4132,393.0321,14.7,13.71,13.57,-.035855,2.28,.4650001
1981,4,448.9759,392.6028,15.72,14.32,14.15,.501343,1.9,.755001
1981,5,449.6471,393.2151,18.52,16.2,15.46,.263799,2.299999,1.145
1981,6,450.535,393.6755,19.1,14.86,14.51,.424592,3.23,1.475
1981,7,451.6339,394.302,19.04,15.72,15.35,.412094,2.55,1.935
1981,8,452.396,394.295,17.82,16.72,16.28,.239638,2.350001,1.605
1981,9,453.3674,393.6595,15.87,16.52,16.46,.396551,2.84,1.275001
1981,10,453.6891,392.9584,15.08,15.38,15.54,.57229,3.300001,1.195001
1981,11,454.1165,391.8488,13.31,12.41,12.88,.160274,4.44,1.185
1981,12,454.4358,390.7376,12.37,12.85,13.29,.545328,3.2,1.155
1982,1,454.7541,388.7501,13.22,14.32,14.57,.756894,2.809999,.6950006
1982,2,455.0714,390.6884,14.78,14.73,14.82,.453381,3.17,.9350004
1982,3,455.0714,389.9463,14.68,13.95,14.19,.908091,3.3,1.005
1982,4,455.3877,389.0759,14.94,13.98,14.2,.69748,3.02,1.245001
1982,5,456.3306,388.457,14.45,13.34,13.78,.712093,3.06,1.215
1982,6,457.4711,388.1209,14.15,14.07,14.47,.642981,2.400001,1.375
1982,7,457.9852,387.8044,12.59,13.24,13.8,.613466,2.87,1.474999
1982,8,458.1902,386.9698,10.12,11.43,12.32,-.113349,3.21,1.355
1982,9,458.1902,386.6297,10.31,10.85,11.78,.476664,3.09,2.325
1982,10,458.5987,385.766,9.71,9.32,10.19,.125427,3.7,1.375
1982,11,458.4967,385.3745,9.2,9.16,9.8,.499413,3.28,.5050001
1982,12,458.1902,384.6451,8.95,8.91,9.66,.697482,3.08,.4550003
1983,1,458.3947,386.542,8.68,8.62,9.33,.328926,2.79,.1950001
1983,2,458.4967,385.9379,8.51,8.92,9.64,.267022,2.32,.1150007
1983,3,458.5987,386.7701,8.77,9.04,9.66,.215837,2.29,.0550002
1983,4,459.3098,387.9783,8.8,8.98,9.57,.119112,2.38,.2049999
1983,5,459.7138,388.6617,8.63,8.9,9.49,-.081389,2.25,.0250005
1983,6,459.9152,389.2026,8.98,9.66,10.18,.087245,2.02,.0950002
1983,7,460.3168,390.7107,9.37,10.2,10.69,-.075867,2.04,.0550002
1983,8,460.617,391.7938,9.56,10.53,11.07,-.177673,1.96,.085
1983,9,460.9162,393.3054,9.45,10.16,10.79,-.047112,2.08,.1249999
1983,10,461.3138,394.1108,9.48,9.81,10.57,-.06537,2,.2349996
1983,11,461.611,394.4186,9.34,9.94,10.66,.047045,1.75,.2250003
1983,12,461.9073,394.9284,9.47,10.11,10.84,.129582,1.59,.4149999
1984,1,462.5953,396.9331,9.56,9.9,10.64,.057239,1.7,.1850004
1984,2,463.0838,397.4271,9.59,10.04,10.79,-.050522,1.389999,.1149997
1984,3,463.3758,397.8902,9.91,10.59,11.31,.030465,1.070001,.1949996
1984,4,463.7637,398.5056,10.29,10.9,11.69,.147306,1.02,.3750009
1984,5,463.9572,398.9998,10.32,11.66,12.47,-.285679,.5299997,.7049999
1984,6,464.1502,399.3539,11.06,12.08,12.91,-.006005,.8599997,.9949998
1984,7,464.5352,399.684,11.23,12.03,12.88,-.120269,1.31,.9549999
1984,8,464.823,399.7602,11.64,11.82,12.43,.221358,1.75,.5950002
1984,9,465.1099,399.6007,11.3,11.58,12.2,-.017891,1.83,.5550002
1984,10,465.4912,399.4657,9.99,10.9,11.6,-.233755,1.97,.2650003
1984,11,465.6813,399.8443,9.43,9.82,10.65,-.067831,2.070001,.3050002
1984,12,465.8711,399.9486,8.38,9.33,10.18,.001616,1.68,.2649993
1985,1,466.0605,399.7064,8.35,9.02,9.93,-.074955,1.7,.1549997
1985,2,466.6265,400.132,8.5,9.29,10.17,-.095078,1.41,.1549997
1985,3,467.0958,400.2525,8.58,9.86,10.71,.138643,1.31,.2649993
1985,4,467.2829,400.0103,8.27,9.14,10.09,-.029021,1.77,.3050002
1985,5,467.4696,400.1366,7.97,8.46,9.39,-.194037,2.059999,.2350001
1985,6,467.7491,400.2067,7.53,7.8,8.69,.212439,2.06,.2850003
1985,7,467.935,399.5114,7.88,7.86,8.77,.134211,1.719999,.3650002
1985,8,468.1205,399.9523,7.9,8.05,8.94,.146921,1.86,.4650001
1985,9,468.3057,400.375,7.92,8.07,8.98,.250984,1.82,.6150002
1985,10,468.675,399.9734,7.99,8.01,8.86,.294745,1.900001,.5250005
1985,11,469.1348,400.3154,8.05,7.88,8.58,.29036,2,.4150004
1985,12,469.5925,401.3395,8.27,7.67,8.15,.032192,2,.5350003
1986,1,469.9571,401.8288,8.14,7.73,8.14,.338187,1.690001,.525
1986,2,469.7749,401.0961,7.86,7.61,7.97,-.28549,2.01,.4550003
1986,3,469.2265,400.4648,7.48,7.03,7.21,.58569,2.3,.525
1986,4,468.8592,400.5333,6.99,6.44,6.7,.54437,2.639999,.4250001
1986,5,469.1348,400.708,6.85,6.65,7.07,.030158,2.43,.355
1986,6,469.5011,400.386,6.92,6.73,7.18,.022068,2.88,.3850002
1986,7,469.5925,401.0294,6.56,6.27,6.67,.773264,3.21,.3850002
1986,8,469.6837,400.8137,6.17,5.93,6.33,.70852,3.03,.275
1986,9,470.048,400.9872,5.89,5.77,6.35,.314005,2.56,.355
1986,10,470.2297,401.4457,5.85,5.72,6.28,.545463,2.54,.3850002
1986,11,470.411,401.9075,6.04,5.8,6.28,.669255,2.45,.2950005
1986,12,470.7727,402.7786,6.91,5.87,6.27,.699041,2.2,.4549999
1987,1,471.3127,402.4543,6.43,5.78,6.23,.554116,2.12,.2950005
1987,2,471.6712,403.7386,6.1,5.96,6.4,.630779,1.83,.3450002
1987,3,472.0283,403.8953,6.13,6.03,6.42,.518992,1.79,.4549999
1987,4,472.4729,404.4934,6.37,6.5,7.02,-.384307,1.809999,.6950001
1987,5,472.7388,405.175,6.85,7,7.76,.259175,1.990001,1.155
1987,6,473.1803,405.699,6.73,6.8,7.57,.244076,2.14,1.135
1987,7,473.4442,406.338,6.58,6.68,7.44,.484995,1.83,.8450002
1987,8,473.8827,407.0586,6.73,7.03,7.75,.469987,1.57,.5550002
1987,9,474.232,407.324,7.22,7.67,8.34,.492706,1.47,.855
1987,10,474.4932,408.8293,7.29,7.59,8.4,-.843692,1.74,1.645
1987,11,474.8404,409.3584,6.69,6.96,7.69,.264651,1.79,1.365
1987,12,475.0136,409.8235,6.77,7.17,7.86,.006715,1.66,1.725
1988,1,475.359,409.8669,6.83,6.99,7.63,-.181428,1.76,.9450001
1988,2,475.5313,410.2716,6.58,6.64,7.18,.228407,1.68,.8050002
1988,3,475.7891,410.508,6.58,6.71,7.27,-.04841,1.56,.8050002
1988,4,476.3882,411.038,6.87,7.01,7.59,.001875,1.48,.8350005
1988,5,476.6438,410.9517,7.09,7.4,8,.049413,1.37,.815
1988,6,477.0685,411.1965,7.51,7.49,8.03,.093573,1.54,.9149999
1988,7,477.4913,411.3269,7.75,7.75,8.28,-.230565,1.37,.9750003
1988,8,477.9124,411.747,8.01,8.17,8.63,-.014694,1.34,1.085001
1988,9,478.3316,411.4033,8.19,8.09,8.46,.146262,1.5,.8150005
1988,10,478.6658,411.9257,8.3,8.11,8.35,.236986,1.5,.775
1988,11,478.9989,412.0978,8.35,8.48,8.67,.101988,1.31,.7849998
1988,12,479.3308,412.5323,8.76,8.99,9.09,.23073,1.5,.9250001
1989,1,479.7442,412.79,9.12,9.05,9.18,.138146,1.639999,.6549997
1989,2,480.0737,412.3722,9.36,9.25,9.37,-.00409,1.48,.7250003
1989,3,480.5659,412.6536,9.85,9.57,9.68,.280599,1.67,1.015
1989,4,481.2997,412.6931,9.84,9.36,9.45,.50671,1.87,1.045001
1989,5,481.7859,412.023,9.81,8.98,9.02,.227865,1.910001,.9250001
1989,6,482.1088,412.0848,9.53,8.44,8.41,.408043,1.92,.8450002
1989,7,482.4306,411.1171,9.24,7.89,7.82,.641174,1.86,.6850004
1989,8,482.4306,411.9796,8.99,8.18,8.14,.352247,1.88,.5549998
1989,9,482.6712,411.7239,9.02,8.22,8.28,.373951,1.940001,.835
1989,10,483.1509,411.616,8.84,7.99,7.98,.274534,1.94,.775
1989,11,483.5488,411.918,8.55,7.77,7.8,.463822,1.900001,.5450005
1989,12,483.866,412.5047,8.45,7.72,7.78,.406334,1.9,.545
1990,1,484.8116,411.8969,8.23,7.92,8.09,.121781,1.69,.3450007
1990,2,485.203,412.8269,8.24,8.11,8.37,.241804,1.73,.2850007
1990,3,485.6707,413.3629,8.28,8.35,8.63,.349573,1.68,.2649998
1990,4,485.9037,413.2314,8.26,8.4,8.72,-.029281,1.58,.4150004
1990,5,486.0587,413.4243,8.18,8.32,8.64,-.071917,1.719999,.3950004
1990,6,486.6765,413.7447,8.29,8.1,8.35,.035864,1.68,.2950005
1990,7,487.1373,413.5995,8.15,7.94,8.16,.006528,1.57,.2550001
1990,8,487.9767,413.8833,8.13,7.78,8.06,-.269673,1.35,.3150005
1990,9,488.6583,414.0822,8.2,7.76,8.08,-.051052,1.29,.4850001
1990,10,489.3352,413.3222,8.11,7.55,7.88,.099413,1.46,.6950001
1990,11,489.5598,412.1024,7.81,7.31,7.6,.258542,1.62,.7350001
1990,12,489.9331,411.4036,7.31,7.05,7.31,.192606,1.59,.9450006
1991,1,490.305,410.9627,6.91,6.64,7.13,.22076,1.55,.7650003
1991,2,490.3792,410.319,6.25,6.27,6.87,.139982,1.52,.4349999
1991,3,490.3792,409.7978,6.12,6.4,7.1,.095124,1.39,.3850002
1991,4,490.6015,409.9621,5.91,6.24,6.95,.092676,1.45,.3050002
1991,5,490.9709,410.9627,5.78,6.13,6.78,.106881,1.400001,.3450002
1991,6,491.2655,411.9382,5.9,6.36,6.96,.033201,1.34,.4250001
1991,7,491.4124,411.912,5.82,6.31,6.92,.115509,1.309999,.3550004
1991,8,491.7057,412.0612,5.66,5.78,6.43,.074946,1.34,.275
1991,9,491.9981,412.929,5.45,5.57,6.18,.088652,1.36,.2350006
1991,10,492.144,412.7101,5.21,5.33,5.91,.086014,1.329999,.2450003
1991,11,492.5804,412.6021,4.81,4.89,5.56,.095896,1.29,.3050002
1991,12,492.8702,412.2368,4.43,4.38,5.03,.02729,1.41,.4250001
1992,1,492.9425,411.6077,4.03,4.15,4.96,-.038977,1.4,.1550004
1992,2,493.1592,412.3853,4.06,4.29,5.21,-.013052,1.42,.1550004
1992,3,493.5193,413.1774,3.98,4.63,5.69,-.03771,1.4,.1450004
1992,4,493.7347,413.8881,3.73,4.3,5.34,-.01459,1.37,.1750001
1992,5,493.9497,414.2433,3.82,4.19,5.23,-.096207,1.28,.1350002
1992,6,494.2357,414.2374,3.76,4.17,5.05,-.148848,1.25,.1450002
1992,7,494.5208,415.0985,3.25,3.6,4.36,-.233425,1.29,.1150002
1992,8,494.734,414.5967,3.3,3.47,4.19,-.063198,1.39,.1350002
1992,9,494.9469,414.8119,3.22,3.18,3.89,.010572,1.5,.2150001
1992,10,495.3712,415.5916,3.1,3.3,4.08,.000714,1.5,.3550002
1992,11,495.6531,416.0084,3.09,3.68,4.58,.050682,1.440001,.4150001
1992,12,495.7938,416.0321,2.92,3.71,4.67,.082522,1.45,.3350002
1993,1,496.1445,416.525,3.02,3.5,4.39,.03413,1.420001,.1350002
1993,2,496.3544,416.8922,3.03,3.39,4.1,-.011742,1.42,.1350002
1993,3,496.494,416.8546,3.07,3.33,3.95,.000532,1.52,.1050002
1993,4,496.8423,417.1552,2.96,3.24,3.84,.005023,1.5,.1550004
1993,5,497.1201,416.8035,3,3.36,3.98,-.010239,1.43,.0650002
1993,6,497.1895,417.0112,3.04,3.54,4.16,-.092369,1.46,.0650002
1993,7,497.3279,417.3179,3.06,3.47,4.07,-.098521,1.4,.0450003
1993,8,497.5353,417.2778,3.03,3.44,4,-.126471,1.43,.0450003
1993,9,497.6734,417.7493,3.09,3.36,3.85,-.038514,1.56,.0950002
1993,10,498.0863,418.4828,2.99,3.39,3.87,-.111725,1.5,.1250002
1993,11,498.3607,418.8867,3.02,3.58,4.16,-.169558,1.44,.1850004
1993,12,498.5659,419.3894,2.96,3.61,4.21,-.200074,1.4,.1850001
1994,1,498.5659,419.7906,3.05,3.54,4.14,-.269455,1.31,.0950002
1994,2,498.839,419.8418,3.25,3.87,4.47,-.459178,1.18,.1250002
1994,3,499.1113,420.8644,3.34,4.32,5,-.350492,1.2,.2350001
1994,4,499.1792,421.3944,3.56,4.82,5.55,-.320025,1.35,.2550003
1994,5,499.3828,421.942,4.01,5.31,5.97,-.319522,1.420001,.3150005
1994,6,499.6536,422.6045,4.25,5.27,5.93,-.36392,1.3,.3150005
1994,7,499.9911,422.7623,4.26,5.48,6.13,-.323668,1.309999,.3050002
1994,8,500.3946,423.3295,4.47,5.56,6.18,-.296783,1.27,.2450003
1994,9,500.5958,423.6468,4.73,5.76,6.39,-.42854,1.18,.2850003
1994,10,500.6627,424.516,4.76,6.11,6.73,-.326659,1.190001,.4450006
1994,11,500.9301,425.1532,5.29,6.54,7.15,-.30399,1.21,.4050002
1994,12,501.1302,426.1916,5.45,7.14,7.59,-.253074,1.39,.5450005
1995,1,501.3963,426.3864,5.53,7.05,7.51,-.273132,1.369999,.3949999
1995,2,501.6617,426.3228,5.92,6.7,7.11,-.327196,1.36,.2650003
1995,3,501.8604,426.4824,5.98,6.43,6.78,-.329607,1.26,.3050002
1995,4,502.2564,426.4395,6.05,6.27,6.57,-.259701,1.26,.355
1995,5,502.4538,426.7027,6.01,6,6.17,-.401863,1.33,.275
1995,6,502.6508,427.0672,6,5.64,5.72,-.187211,1.4,.3550004
1995,7,502.782,426.6815,5.85,5.59,5.78,-.346603,1.33,.2550001
1995,8,502.9784,427.9903,5.74,5.75,5.98,-.248873,1.37,.3050002
1995,9,503.1091,428.3589,5.8,5.62,5.81,-.207413,1.44,.3449997
1995,10,503.3701,428.1811,5.76,5.59,5.7,-.178842,1.44,.4250001
1995,11,503.5003,428.4396,5.8,5.43,5.48,-.095936,1.45,.2649998
1995,12,503.6303,428.8258,5.6,5.31,5.32,-.087709,1.49,.3850002
1996,1,504.1488,428.1644,5.56,5.09,5.11,-.116741,1.38,.2850003
1996,2,504.3425,429.747,5.22,4.94,5.03,-.330019,1.27,.2050003
1996,3,504.6646,429.5916,5.31,5.34,5.66,-.340443,1.35,.2350001
1996,4,505.0497,430.4256,5.22,5.54,5.96,-.294273,1.42,.3250002
1996,5,505.2417,431.1198,5.24,5.64,6.1,-.327362,1.33,.2550001
1996,6,505.4333,432.0053,5.27,5.81,6.3,-.303977,1.41,.2849998
1996,7,505.6246,431.873,5.4,5.85,6.27,-.373247,1.38,.2650003
1996,8,505.7519,432.5219,5.22,5.67,6.03,-.436534,1.36,.2550001
1996,9,506.0695,433.0516,5.3,5.83,6.23,-.424425,1.4,.315
1996,10,506.386,433.0558,5.24,5.55,5.91,-.381406,1.39,.3250002
1996,11,506.7016,433.8742,5.31,5.42,5.7,-.349662,1.42,.2649998
1996,12,506.9533,434.5137,5.29,5.47,5.78,-.442943,1.3,.4850006
1997,1,507.1417,434.627,5.25,5.61,6.01,-.350262,1.24,.3049998
1997,2,507.3297,435.8319,5.19,5.53,5.9,-.485871,1.23,.2849999
1997,3,507.3923,436.5974,5.39,5.8,6.22,-.512084,1.21,.2950002
1997,4,507.4549,436.6422,5.51,5.99,6.45,-.438469,1.25,.4400002
1997,5,507.4549,437.3299,5.5,5.87,6.28,-.436481,1.23,.5399999
1997,6,507.6423,437.7813,5.56,5.69,6.09,-.50729,1.2,.6250003
1997,7,507.7671,438.3895,5.52,5.54,5.89,-.525862,1.28,.44
1997,8,508.0161,439.7059,5.54,5.56,5.94,-.501028,1.18,.3400002
1997,9,508.2646,440.5731,5.54,5.52,5.88,-.599141,1.22,.5300003
1997,10,508.4505,441.2547,5.5,5.46,5.77,-.47386,1.26,.5400003
1997,11,508.5743,442.1395,5.52,5.46,5.71,-.396917,1.33,.4600002
1997,12,508.6361,442.4941,5.5,5.53,5.72,-.453156,1.29,.5100002
1998,1,508.7596,442.9876,5.56,5.24,5.36,-.374018,1.45,.3800001
1998,2,508.7596,443.0764,5.51,5.31,5.42,-.353293,1.47,.3299999
1998,3,508.7596,443.1419,5.49,5.39,5.56,-.402522,1.48,.4299998
1998,4,508.883,443.5221,5.45,5.38,5.56,-.476149,1.5,.5100002
1998,5,509.1293,444.1902,5.49,5.44,5.59,-.435831,1.49,.48
1998,6,509.2523,443.6049,5.56,5.41,5.52,-.421874,1.5,.5
1998,7,509.4977,443.179,5.54,5.36,5.46,-.385605,1.49,.52
1998,8,509.6201,445.2782,5.55,5.21,5.27,-.040715,1.58,.58
1998,9,509.6813,444.9563,5.51,4.71,4.67,-.103384,1.91,.6999999
1998,10,509.9257,445.7471,5.07,4.12,4.09,.000441,2.18,1.08
1998,11,510.0476,445.6595,4.83,4.53,4.54,.02907,2.04,.6500002
1998,12,510.2303,446.0135,4.68,4.52,4.51,-.106692,2.07,.6100002
1999,1,510.4126,446.4603,4.63,4.51,4.62,-.124938,2.07,.4299999
1999,2,510.4126,446.893,4.76,4.7,4.88,-.352341,1.81,.35
1999,3,510.4733,447.1072,4.81,4.78,5.05,-.275318,1.81,.37
1999,4,511.1385,447.338,4.74,4.69,4.98,-.279516,1.74,.5000001
1999,5,511.1988,448.078,4.74,4.85,5.25,-.279658,1.61,.3100001
1999,6,511.1988,447.8864,4.76,5.1,5.62,-.213867,1.65,.4099998
1999,7,511.6196,448.5621,4.99,5.03,5.55,-.148228,1.84,.5599999
1999,8,511.8593,448.9807,5.07,5.2,5.68,-.147479,2,.5300003
1999,9,512.2773,448.7011,5.22,5.25,5.66,-.004159,1.9,.6400002
1999,10,512.4559,449.9721,5.2,5.43,5.86,-.040454,1.74,1.02
1999,11,512.6342,450.4709,5.42,5.55,5.86,-.078502,1.71,.7399999
1999,12,512.8715,451.2643,5.3,5.84,6.1,-.312901,1.63,.6700003
2000,1,513.1672,451.3419,5.45,6.12,6.44,-.12087,1.55,.4199999
2000,2,513.5798,451.7194,5.73,6.22,6.61,-.10413,1.81,.3199999
2000,3,514.1664,452.1182,5.85,6.22,6.53,.153359,1.98,.31
2000,4,514.1078,452.7427,6.02,6.15,6.4,.329846,2.16,.4500002
2000,5,514.2833,452.8928,6.27,6.33,6.81,.498835,2.08,.7500001
2000,6,514.8657,452.9504,6.53,6.17,6.48,.54953,2.19,.88
2000,7,515.1556,452.7191,6.54,6.08,6.34,.607972,2.099999,.56
2000,8,515.1556,452.4523,6.5,6.18,6.23,.76418,2.2,.3999999
2000,9,515.6754,452.9374,6.52,6.13,6.08,.816644,2.11,.47
2000,10,515.848,452.4865,6.51,6.01,5.91,1.252061,2.06,.3999999
2000,11,516.0204,452.4742,6.51,6.09,5.88,1.288705,2.03,.33
2000,12,516.2498,452.1549,6.4,5.6,5.35,1.360387,2.14,.5700001
2001,1,516.8209,451.4333,5.98,4.81,4.76,.9097,1.87,.34
2001,2,517.0484,450.8291,5.49,4.68,4.66,.935115,1.95,.2599999
2001,3,517.1052,450.5573,5.31,4.3,4.34,.973143,2.06,.36
2001,4,517.2754,450.2787,4.8,3.98,4.23,.772219,1.94,.5700002
2001,5,517.7843,449.5496,4.21,3.78,4.26,.686657,1.76,.3100002
2001,6,518.0096,448.879,3.97,3.58,4.08,.976032,1.88,.18
2001,7,517.8407,448.4373,3.77,3.62,4.04,.563165,1.89,.08
2001,8,517.8407,448.1802,3.65,3.47,3.76,.60858,1.98,.0600002
2001,9,518.2345,447.8535,3.07,2.82,3.12,.998345,2.09,.17
2001,10,517.9534,447.3623,2.49,2.33,2.73,.865248,2.05,.1199999
2001,11,517.897,446.8214,2.09,2.18,2.78,-.427836,2.01,.1
2001,12,517.8407,446.8461,1.82,2.22,3.11,.359763,1.98,.09
2002,1,518.0096,447.4606,1.73,2.16,3.03,.500767,1.96,.0500001
2002,2,518.1783,447.4206,1.74,2.23,3.02,.71221,1.98,.06
2002,3,518.4589,448.1587,1.73,2.57,3.56,.266711,1.73,.0700001
2002,4,518.9061,448.5763,1.75,2.48,3.42,.385478,1.78,.09
2002,5,519.0175,449.091,1.75,2.35,3.26,.414249,1.65,.05
2002,6,519.0732,450.0637,1.75,2.2,2.99,.751762,1.72,.06
2002,7,519.2957,449.7277,1.73,1.96,2.56,1.168366,1.84,.0700001
2002,8,519.5731,449.8651,1.74,1.76,2.13,1.19177,2.03,.08
2002,9,519.7391,449.9171,1.75,1.72,2,1.305279,2.22,.09
2002,10,519.9601,449.5853,1.75,1.65,1.91,1.110808,2.17,.12
2002,11,520.1255,450.1314,1.34,1.49,1.92,.784568,2.02,.13
2002,12,520.2907,449.6793,1.24,1.45,1.84,.661981,2.02,.12
2003,1,520.7298,450.3762,1.24,1.36,1.74,.589204,1.87,.0900001
2003,2,521.2759,450.7451,1.26,1.3,1.63,.394674,1.94,.0900001
2003,3,521.4392,450.5461,1.25,1.24,1.57,-.153522,1.94,.0600001
2003,4,521.0579,449.7249,1.26,1.27,1.62,-.138374,1.85,.0700001
2003,5,520.894,449.7112,1.26,1.18,1.42,-.854259,1.91,.12
2003,6,521.0032,449.7197,1.22,1.01,1.23,-.561209,1.9,.09
2003,7,521.3304,450.0717,1.01,1.12,1.47,-1.32735,1.65,.1100001
2003,8,521.765,449.9524,1.03,1.31,1.86,-.225067,1.81,.0900001
2003,9,522.0896,450.5585,1.01,1.24,1.71,-.694795,1.88,.1000001
2003,10,521.9815,450.5222,1.01,1.25,1.75,-.543412,1.66,.13
2003,11,522.0356,451.2759,1,1.34,1.93,-.540053,1.63,.1300001
2003,12,522.3055,451.1935,.98,1.31,1.91,-.49322,1.61,.1500001
2004,1,522.7358,451.4847,1,1.24,1.76,-.711418,1.59,.1300001
2004,2,522.9503,452.0488,1.01,1.24,1.74,-.286728,1.56,.08
2004,3,523.1643,451.5114,1,1.19,1.58,-.533865,1.62,.0600001
2004,4,523.3245,451.918,1,1.43,2.07,-.740573,1.48,.11
2004,5,523.7505,452.6421,1,1.78,2.53,-.323436,1.55,.0500001
2004,6,524.1218,451.8477,1.03,2.12,2.76,-.333673,1.56,.0700001
2004,7,524.2276,452.628,1.26,2.1,2.64,-.306482,1.56,.17
2004,8,524.2805,452.8055,1.43,2.02,2.51,-.461368,1.59,.14
2004,9,524.5971,452.8458,1.61,2.12,2.53,-.598777,1.62,.1000001
2004,10,525.1226,453.7961,1.76,2.23,2.58,-.574809,1.62,.1900001
2004,11,525.5931,453.9955,1.93,2.5,2.85,-.701047,1.54,.1100001
2004,12,525.5931,454.6688,2.16,2.67,3.01,-.85373,1.52,.15
2005,1,525.541,455.0793,2.28,2.86,3.22,-.806862,1.49,.2000001
2005,2,525.9576,455.7046,2.5,3.03,3.38,-1.09208,1.46,.1350001
2005,3,526.3208,455.6424,2.63,3.3,3.73,-.730689,1.43,.08
2005,4,526.631,455.7303,2.79,3.32,3.65,-.53511,1.52,.1900001
2005,5,526.5794,455.9126,3,3.33,3.64,-.386019,1.58,.2500001
2005,6,526.631,456.3306,3.04,3.36,3.64,-.564386,1.58,.3
2005,7,527.2487,456.1933,3.26,3.64,3.87,-.653742,1.52,.25
2005,8,527.8625,456.3185,3.5,3.87,4.04,-.721005,1.56,.2
2005,9,529.2299,454.3458,3.62,3.85,3.95,-.555723,1.57,.3
2005,10,529.3807,455.5812,3.78,4.18,4.27,-.455134,1.61,.3
2005,11,528.8772,456.5519,4,4.33,4.42,-.386568,1.79,.3499999
2005,12,528.8772,457.1202,4.16,4.35,4.4,-.394374,1.8,.4466666
2006,1,529.4811,457.2172,4.29,4.45,4.4,-.457407,1.73,.2033336
2006,2,529.5313,457.2976,4.49,4.68,4.67,-.348597,1.68,.1200002
2006,3,529.6816,457.5475,4.59,4.77,4.73,-.515825,1.6,.2499998
2006,4,530.1812,457.9338,4.79,4.9,4.89,-.529815,1.52,.2700002
2006,5,530.4796,457.8226,4.94,5,4.97,-.400727,1.49,.2900003
2006,6,530.7277,458.207,4.99,5.16,5.12,-.449069,1.57,.5000001
2006,7,531.2713,458.2554,5.24,5.22,5.12,-.378634,1.67,.3000003
2006,8,531.7139,458.4621,5.25,5.08,4.9,-.423245,1.64,.25
2006,9,531.222,458.3303,5.25,4.97,4.77,-.522988,1.68,.4000001
2006,10,530.7772,458.2364,5.25,5.01,4.8,-.540093,1.63,.27
2006,11,530.8268,458.1201,5.25,5.01,4.74,-.52448,1.64,.23
2006,12,531.3699,459.139,5.24,4.94,4.67,-.661607,1.58,.3400002
2007,1,531.5356,458.6607,5.25,5.06,4.88,-.678331,1.46,.19
2007,2,531.9227,459.7701,5.26,5.05,4.85,-.735689,1.57,.1499999
2007,3,532.4414,459.8443,5.26,4.92,4.57,-.48584,1.6,.26
2007,4,532.741,460.5682,5.25,4.93,4.67,-.485028,1.49,.3300002
2007,5,533.1534,460.6279,5.25,4.91,4.77,-.736344,1.51,.46
2007,6,533.3848,460.6328,5.25,4.96,4.98,-.495324,1.56,.6199999
2007,7,533.5627,460.6604,5.26,4.96,4.82,-.084556,1.7,.3999999
2007,8,533.5936,460.7866,5.02,4.47,4.31,.082753,1.9,1.05
2007,9,534.0164,461.2293,4.94,4.14,4.01,-.001109,1.86,1.03
2007,10,534.3243,460.7391,4.76,4.1,3.97,-.081753,1.85,.7299999
2007,11,535.1071,461.3191,4.49,3.5,3.34,.214839,2.06,1.15
2007,12,535.3965,461.3337,4.24,3.26,3.12,.385475,2,1.23
2008,1,535.7407,461.0136,3.94,2.71,2.48,.67884,2.02,.5
2008,2,535.9822,460.8174,2.98,2.05,1.97,.848258,2.18,.6000001
2008,3,536.3393,460.5248,2.61,1.54,1.62,1.091471,2.46,1.09
2008,4,536.5705,459.7413,2.28,1.74,2.05,.59478,2.24,.7
2008,5,537.1605,459.2745,1.98,2.06,2.45,.628826,2.16,.27
2008,6,538.2029,459.0705,2,2.42,2.77,.704856,2.22,.35
2008,7,538.9145,458.6173,2.01,2.28,2.57,1.056176,2.42,.55
2008,8,538.7655,457.0016,2,2.18,2.42,1.150368,2.59,.36
2008,9,538.851,452.6987,1.81,1.91,2.08,1.494335,2.35,1
2008,10,537.9874,453.523,.97,1.42,1.61,2.970945,2.39,1.4
2008,11,536.201,452.3573,.39,1.07,1.21,2.001412,2.56,1.26
2008,12,535.3743,449.4944,.16,.49,.82,2.23929,2.91,.94
2009,1,535.636,447.2188,.15,.44,.81,2.176283,2.54,.18
2009,2,536.0461,446.576,.22,.62,.98,2.601959,2.26,.18
2009,3,535.905,445.028,.18,.64,.93,2.132363,2.18,.16
2009,4,535.9681,444.1865,.15,.55,.93,1.926129,1.88,.12
2009,5,536.1283,443.1611,.18,.5,.93,.983595,1.57,.05
2009,6,536.9666,442.7922,.21,.51,1.18,.632751,1.7,.08
2009,7,536.9335,443.6534,.16,.48,1.02,.07803,1.66,.1
2009,8,537.2692,444.7011,.16,.46,1.12,-.228104,1.6,.07
2009,9,537.4723,445.3803,.15,.4,.96,-.144004,1.66,.07
2009,10,537.7507,445.6938,.12,.37,.95,-.348584,1.56,.12
2009,11,538.0657,446.1755,.12,.31,.8,-.151492,1.48,.1
2009,12,538.1578,446.6409,.12,.37,.87,-.569734,1.34,.11
2010,1,538.2098,447.6927,.11,.35,.93,-.229574,1.3,.07
2010,2,538.1537,448.0764,.13,.35,.86,.036577,1.3,.04
2010,3,538.1647,448.8305,.16,.4,.96,-.093996,1.24,.05
2010,4,538.1191,449.1636,.2,.45,1.06,-.227013,1.25,.07
2010,5,538.0956,450.7286,.2,.37,.83,-.177303,1.47,.12
2010,6,538.1412,450.9478,.18,.32,.72,-.040396,1.54,.2
2010,7,538.3072,451.531,.18,.29,.62,.16767,1.55,.11
2010,8,538.4587,451.7967,.19,.26,.52,-.489363,1.73,.09
2010,9,538.5957,452.0515,.19,.26,.48,-.085991,1.7,.09
2010,10,538.9053,451.7087,.19,.23,.38,-.035421,1.69,.1
2010,11,539.122,451.9781,.19,.25,.45,-.155059,1.54,.09
2010,12,539.5753,452.9611,.18,.29,.62,-.403172,1.42,.09
2011,1,539.8466,452.8384,.17,.27,.61,.081907,1.37,.09
2011,2,540.2263,452.3687,.16,.29,.77,-.217003,1.37,.1
2011,3,540.7647,453.3821,.14,.26,.7,-.250326,1.43,.13
2011,4,541.1106,452.8035,.1,.25,.73,-.216373,1.38,.14
2011,5,541.4976,453.1659,.09,.19,.56,-.084545,1.47,.12
2011,6,541.6412,453.3431,.09,.18,.41,.081981,1.51,.11
2011,7,541.8737,453.9124,.07,.19,.41,-.020915,1.55,.1
2011,8,542.1362,454.4583,.1,.11,.23,-.250424,1.97,.14
2011,9,542.3861,454.5649,.08,.1,.21,.289268,2.13,.13
2011,10,542.3751,455.1214,.07,.11,.28,-.306556,1.92,.13
2011,11,542.5166,455.3454,.08,.11,.25,.382049,1.98,.13
2011,12,542.5554,455.9377,.07,.12,.26,.10295,1.98,.13
2012,1,542.7612,456.6387,.08,.12,.24,.030121,1.95,.11
2012,2,543.0455,457.1274,.1,.16,.28,-.121284,1.92,.08
2012,3,543.3503,456.5798,.13,.19,.34,-.529989,1.78,.1
2012,4,543.3508,457.3238,.14,.18,.29,-.367213,1.86,.12
2012,5,543.2184,457.5785,.16,.19,.29,-.350847,2,.1
2012,6,543.339,457.6073,.16,.19,.29,-.067985,2.06,.12
